No,Payee,Receiver,Payment ,Payment ,Transaction ,Type,Category,Sub Category,Currency, Amount ,Description,Date Time
537,Hostings House,Onlinenic-1,Credit Card,Bank of America - 3167,,Expense,Add Funds,Onlinenic 1,USD, 25   ,Add Funds in Onlinic-1  ,Jun 13 2017 12:49
577,Hostings House,Onlinenic-2,Credit Card,Bank of America - 3167,,Expense,Add Funds,Onlinenic 2,USD, 50   ,Add Funds in Onlinic-2  ,Jun 05 2017 12:48
578,Hostings House,Onlinenic-1,Credit Card,Bank of America - 3167,,Expense,Add Funds,Onlinenic 1,USD, 25   ,Add Funds in Onlinic-1  ,Jun 05 2017 12:47
620,Hostings House,PKNIC,PayPal,paypal@hostingshouse.com,,Expense,Add Funds,Pknic,USD, 38.1   ,Add credit in Pknic  ,May 28 2017 15:50
621,Hostings House,PKNIC,PayPal,paypal@hostingshouse.com,,Expense,Add Funds,Pknic,USD, 38.1   ,Add credit in Pknic  ,May 26 2017 15:48
622,Hostings House,Onlinenic-2,Credit Card,Bank of America - 3167,,Expense,Add Funds,Onlinenic 2,USD, 50   ,Add Funds in Onlinenice 2 Through Credit Card  ,May 26 2017 15:42
659,Hostings House,Onlinenic-2,Credit Card,Bank of America - 3167,,Expense,Add Funds,Onlinenic 2,USD, 150   ,Add Funds in Onlinenice 2 Through Credit Card  ,May 23 2017 15:42
665,Hostings House,Onlinenic-2,Credit Card,Bank of America - 3167,,Expense,Add Funds,Onlinenic 2,USD, 100   ,Add Funds in Onlinenice 2 Through Credit Card  ,May 19 2017 15:41
667,Hostings House,Onlinenic-2,Credit Card,Bank of America - 3167,,Expense,Add Funds,Onlinenic 2,USD, 40   ,Add Funds in Onlinenice 2 Through Credit Card  ,May 18 2017 15:40
671,Hostings House,Onlinenic-2,Credit Card,Bank of America - 3167,,Expense,Add Funds,Onlinenic 2,USD, 40   ,Add Funds in Onlinenice 2 Through Credit Card  ,May 17 2017 15:39
672,Hostings House,Onlinenic-1,Credit Card,Bank of America - 3167,,Expense,Add Funds,Onlinenic 1,USD, 25   ,Add Funds in Onlinenice 1 Through Credit Card  ,May 17 2017 15:37
695,Hostings House,PKNIC,PayPal,paypal@hostingshouse.com,,Expense,Add Funds,Pknic,USD, 19.05   ,Add credit in Pknic  ,May 10 2017 15:43
702,Hostings House,Onlinenic-2,PayPal,paypal@hostingshouse.com,,Expense,Add Funds,Onlinenic 2,USD, 40   ,Add Funds in Onlinenice 2 Through Paypal  ,May 09 2017 15:37
703,Hostings House,Onlinenic-1,PayPal,paypal@hostingshouse.com,,Expense,Add Funds,Onlinenic 1,USD, 40   ,Add Funds in Onlinenice 1 Through Paypal  ,May 09 2017 15:34
1311,Hostings House,Onlinenic,PayPal,billing@hostingshouse.com,,Expense,Add Funds,Onlinenic 2,USD, 40   ,For Funds Transfer in Onlinenic-2  ,Nov 30 2016 16:22
1329,Hostings House,Onlinenic,PayPal,billing@hostingshouse.com,,Expense,Add Funds,Onlinenic 1,USD, 40   ,For Funds Transfer in Onlinenic-1  ,Nov 25 2016 16:22
1343,Hostings House,Onlinenic,PayPal,billing@hostingshouse.com,,Expense,Add Funds,Onlinenic 2,USD, 40   ,For Funds Transfer in Onlinenic-2  ,Nov 18 2016 16:21
1366,Hostings House,Onlinenic,PayPal,billing@hostingshouse.com,,Expense,Add Funds,Onlinenic 1,USD, 40   ,For Funds Transfer in Onlinenic-1  ,Nov 12 2016 16:19
1379,Hostings House,Enom,PayPal,billing@hostingshouse.com,,Expense,Add Funds,Enom,USD, 100   ,For Funds Transfer in Enom  ,Nov 11 2016 16:20
1389,Hostings House,Onlinenic,PayPal,billing@hostingshouse.com,,Expense,Add Funds,Onlinenic 2,USD, 40   ,For Funds Transfer in Onlinenic-2  ,Nov 09 2016 16:18
1419,Hostings House,Onlinenic,PayPal,billing@hostingshouse.com,,Expense,Add Funds,Onlinenic 2,USD, 40   ,For Funds Transfer in Onlinenic-2  ,Nov 07 2016 16:15
1444,Hostings House,Onlinenic,PayPal,billing@hostingshouse.com,,Expense,Add Funds,Onlinenic 2,USD, 40   ,For Funds Transfer in Onlinenic-2  ,Nov 01 2016 16:14
1449,Hostings House,Onlinenic,PayPal,billing@hostingshouse.com,,Expense,Add Funds,Onlinenic 2,USD, 30   ,For Funds Transfer in Onlinenic-2  ,Oct 31 2016 16:13
1511,Hostings House,Onlinenic,PayPal,billing@hostingshouse.com,,Expense,Add Funds,Onlinenic 2,USD, 100   ,For Funds Transfer in Onlinenic-2  ,Oct 14 2016 16:12
1611,Hostings House,Onlinenic,PayPal,billing@hostingshouse.com,,Expense,Add Funds,Onlinenic 2,USD, 40   ,For Funds Transfer in Onlinenic-2  ,Sep 27 2016 15:59
1612,Hostings House,Onlinenic,PayPal,billing@hostingshouse.com,,Expense,Add Funds,Onlinenic 1,USD, 40   ,For Funds Transfer in Onlinenic-1  ,Sep 27 2016 15:57
1663,Hostings House,Onlinenic,PayPal,billing@hostingshouse.com,,Expense,Add Funds,Onlinenic 1,USD, 30   ,For Fund Transferred to Onlinnic-1 Through Paypal  ,Sep 17 2016 16:19
1691,Hostings House,Onlinenic,PayPal,billing@hostingshouse.com,,Expense,Add Funds,Onlinenic 2,USD, 40   ,For Fund Transferred to Onlinnic-2 Through Paypal  ,Sep 06 2016 16:19
1771,Hostings House,Onlinenic,PayPal,billing@hostingshouse.com,,Expense,Add Funds,Onlinenic 1,USD, 40   ,For Fund Transferred to Onlinnic-1 Through Paypal  ,Aug 26 2016 16:18
1812,Hostings House,Onlinenic,PayPal,billing@hostingshouse.com,,Expense,Add Funds,Onlinenic 2,USD, 40   ,For Fund Transferred to Onlinnic-2 Through Paypal  ,Aug 17 2016 16:17
1840,Hostings House,Onlinenic,PayPal,billing@hostingshouse.com,,Expense,Add Funds,Onlinenic 2,USD, 40   ,For Fund Transferred to Onlinnic-2 Through Paypal  ,Aug 11 2016 16:17
1841,Hostings House,Onlinenic,PayPal,billing@hostingshouse.com,,Expense,Add Funds,Onlinenic 1,USD, 40   ,For Fund Transferred to Onlinnic-1 Through Paypal  ,Aug 11 2016 16:15
1879,Hostings House,Onlinenic,PayPal,billing@hostingshouse.com,,Expense,Add Funds,Onlinenic 1,USD, 40   ,For Fund Transferred to Onlinnic-1 Through Paypal  ,Aug 05 2016 16:08
1932,Wasif Ahmad,Onlinenic,PayPal,billing@hostingshouse.com,,Expense,Add Funds,Onlinenic 2,USD, 40   ,For Funds Add in Onlinenic 2 from Paypal  ,Jul 28 2016 14:00
1946,Hostings House,PKNIC,PayPal,billing@hostingshouse.com,,Expense,Add Funds,Pknic,USD, 39.04   ,For Funds Add in PKNIC from Paypal  ,Jul 25 2016 18:11
1947,Hostings House,Onlinenic,PayPal,billing@hostingshouse.com,,Expense,Add Funds,Onlinenic 1,USD, 35   ,For Funds Add in Onlinenic-1 from Paypal  ,Jul 25 2016 15:12
2002,Hostings House,Onlinenic,PayPal,billing@hostingshouse.com,,Expense,Add Funds,Onlinenic 1,USD, 30   ,For Funds Add in Onlinenic-1 from Paypal  ,Jul 15 2016 15:10
2003,Hostings House,Onlinenic,PayPal,billing@hostingshouse.com,,Expense,Add Funds,Onlinenic 2,USD, 25   ,For Funds Add in Onlinenic-2 from Paypal  ,Jul 15 2016 15:09
2009,Hostings House,Onlinenic,PayPal,billing@hostingshouse.com,,Expense,Add Funds,Onlinenic 2,USD, 80   ,For Funds Add in Onlinenic-2 from Paypal  ,Jul 13 2016 15:07
2038,Hostings House,Onlinenic,PayPal,billing@hostingshouse.com,,Expense,Add Funds,Onlinenic 2,USD, 100   ,For Funds Add in Onlinenic-2 from Paypal  ,Jul 02 2016 15:04
2055,Hostings House,Onlinenic,PayPal,billing@hostingshouse.com,,Expense,Add Funds,Onlinenic 2,USD, 200   ,For Funds Add in Onlinenic-2 from Paypal  ,Jun 30 2016 14:49
2082,Hostings House,Onlinenic,PayPal,billing@hostingshouse.com,,Expense,Add Funds,Onlinenic 1,USD, 25   ,For Add Funds to Onlinenic-1  ,Jun 25 2016 15:30
2111,Hostings House,Onlinenic,PayPal,billing@hostingshouse.com,,Expense,Add Funds,Onlinenic 1,USD, 40   ,For Funds Add to Onlinenic-1  ,Jun 21 2016 15:29
2127,Hostings House,Onlinenic,PayPal,billing@hostingshouse.com,,Expense,Add Funds,Onlinenic 1,USD, 25   ,For Funds Add to Onlinenic-1  ,Jun 17 2016 15:27
2422,Hostings House,Onlinenic-1,Debit Card,Bank Of America-5280,,Expense,Add Funds,Onlinenic 1,USD, 25   ,For Domains  ,May 06 2016 15:21
2460,Hostings House,PKNIC,Credit Card,Standard Chartered Bank - 5200,,Expense,Add Funds,Pknic,PKR, 2000   ,For Domains  ,May 02 2016 15:21
2464,Hostings House,Onlinenic-1,Debit Card,Bank Of America-5280,,Expense,Add Funds,Onlinenic 1,USD, 25   ,For Domains  ,May 02 2016 09:56
2479,Hostings House,Onlinenic-1,Debit Card,Bank Of America-5280,,Expense,Add Funds,Onlinenic 1,USD, 25   ,For Domains  ,Apr 27 2016 09:58
2485,Hostings House,Onlinenic-2,Debit Card,Bank Of America-5280,,Expense,Add Funds,Onlinenic 2,USD, 25   ,For Domain  ,Apr 26 2016 09:09
2489,Hostings House,Onlinenic-2,Debit Card,Bank Of America-5280,,Expense,Add Funds,Onlinenic 2,USD, 25   ,For Domains  ,Apr 25 2016 11:22
2490,Hostings House,Onlinenic-2,Debit Card,Bank Of America-5280,,Expense,Add Funds,Onlinenic 2,USD, 90   ,For Domains  ,Apr 25 2016 11:04
2496,Hostings House,Onlinenic-2,Debit Card,Bank Of America-5280,,Expense,Add Funds,Onlinenic 2,USD, 25   ,For Domains  ,Apr 22 2016 15:58
2500,Hostings House,PKNIC,Credit Card,Standard Chartered Bank - 5200,,Expense,Add Funds,Pknic,PKR, 2000   ,For Domain Renewal  ,Apr 22 2016 10:53
2505,Hostings House,PKNIC,Credit Card,Standard Chartered Bank - 5200,,Expense,Add Funds,Pknic,PKR, 2000   ,For Domains  ,Apr 21 2016 12:33
2508,Hostings House,PKNIC,Credit Card,Standard Chartered Bank - 5200,,Expense,Add Funds,Pknic,PKR, 2000   ,For gracesolar.com.pk renewal  ,Apr 19 2016 14:54
2509,Hostings House,PKNIC,Credit Card,Standard Chartered Bank - 5200,,Expense,Add Funds,Pknic,PKR, 2000   ,For Domain Renewal  ,Apr 19 2016 14:40
2518,Hostings House,Onlinenic-2,Debit Card,Bank Of America-5280,,Expense,Add Funds,Onlinenic 2,USD, 50   ,For Domains Renwal  ,Apr 18 2016 09:23
2525,Hostings House,PKNIC,Credit Card,Standard Chartered Bank - 5200,,Expense,Add Funds,Pknic,PKR, 2000   ,For Domains Register HPL.org.pk  ,Apr 15 2016 11:15
2532,Hostings House,Onlinenic-1,Debit Card,Bank Of America-5280,,Expense,Add Funds,Onlinenic 1,USD, 25   ,For Domains Credit  ,Apr 14 2016 16:18
2535,Hostings House,Onlinenic-2,Debit Card,Bank Of America-5280,,Expense,Add Funds,Onlinenic 2,USD, 25   ,For Domains  ,Apr 14 2016 16:00
2546,Hostings House,Onlinenic-2,Debit Card,Bank Of America-5280,,Expense,Add Funds,Onlinenic 2,USD, 75   ,For Domains Renewal  ,Apr 14 2016 14:13
2548,Hostings House,Onlinenic-1,Debit Card,Bank Of America-5280,,Expense,Add Funds,Onlinenic 1,USD, 25   ,For Domains Renewal  ,Apr 12 2016 16:54
2580,Hostings House,Onlinenic-2,Debit Card,Bank Of America-5280,,Expense,Add Funds,Onlinenic 2,USD, 90   ,For Domains  ,Apr 06 2016 15:24
2581,Hostings House,Onlinenic-1,Debit Card,Bank Of America-5280,,Expense,Add Funds,Onlinenic 1,USD, 25   ,For Domains  ,Apr 06 2016 15:24
2583,Hostings House,Onlinenic-1,Debit Card,Bank Of America-5280,,Expense,Add Funds,Onlinenic 1,USD, 25   ,For Domains  ,Apr 06 2016 09:30
2598,Hostings House,Onlinenic-2,Debit Card,Bank Of America-5280,,Expense,Add Funds,Onlinenic 2,USD, 90   ,For Domains Registration  ,Apr 02 2016 15:23
2599,Hostings House,Onlinenic-1,Debit Card,Bank Of America-5280,,Expense,Add Funds,Onlinenic 1,USD, 25   ,For Domains Renewal  ,Apr 02 2016 13:09
2620,Hostings House,Onlinenic-2,Debit Card,Bank Of America-5280,,Expense,Add Funds,Onlinenic 2,USD, 25   ,For Domains  ,Mar 28 2016 12:26
2631,Hostings House,Onlinenic-2,Debit Card,Bank Of America-5280,,Expense,Add Funds,Onlinenic 2,USD, 25   ,For Domains  ,Mar 25 2016 11:12
2634,Hostings House,Onlinenic-2,Debit Card,Bank Of America-5280,,Expense,Add Funds,Onlinenic 2,USD, 25   ,For Domains  ,Mar 22 2016 17:44
2640,Hostings House,Onlinenic-1,Debit Card,Bank Of America-5280,,Expense,Add Funds,Onlinenic 1,USD, 25   ,For Domains  ,Mar 22 2016 14:37
2645,Hostings House,Onlinenic-2,Debit Card,Bank Of America-5280,,Expense,Add Funds,Onlinenic 2,USD, 25   ,For Domains  ,Mar 19 2016 16:30
2649,Hostings House,Onlinenic-1,Debit Card,Bank Of America-5280,,Expense,Add Funds,Onlinenic 1,USD, 25   ,For Domains  ,Mar 18 2016 10:12
2650,Hostings House,Onlinenic-1,Debit Card,Bank Of America-5280,,Expense,Add Funds,Onlinenic 1,USD, 25   ,For Domains  ,Mar 18 2016 10:12
2656,Hostings House,Onlinenic-1,Debit Card,Bank Of America-5280,,Expense,Add Funds,Onlinenic 1,USD, 25   ,For Domains  ,Mar 17 2016 14:18
2677,Hostings House,Onlinenic-1,Debit Card,Bank Of America-5280,,Expense,Add Funds,Onlinenic 1,USD, 25   ,For Domain Renewal  ,Mar 07 2016 14:09
2697,Hostings House,Onlinenic-1,Debit Card,Bank Of America-5280,,Expense,Add Funds,Onlinenic 1,USD, 25   ,For Domains  ,Mar 04 2016 12:29
2703,Hostings House,Onlinenic-1,Cash,,,Expense,Add Funds,Onlinenic 1,USD, 25   ,For Domain Renewal  ,Mar 02 2016 16:39
2730,Hostings House,Onlinenic-1,Debit Card,Bank Of America-5280,,Expense,Add Funds,Onlinenic 1,USD, 25   ,For Domains Credit  ,Feb 26 2016 10:15
2745,Hostings House,Onlinenic-2,Debit Card,Bank Of America-5280,,Expense,Add Funds,Onlinenic 2,USD, 85   ,For Domains  ,Feb 23 2016 14:33
2746,Hostings House,Onlinenic-1,Debit Card,Bank Of America-5280,,Expense,Add Funds,Onlinenic 1,USD, 25   ,Add Funds  ,Feb 23 2016 11:05
2757,Hostings House,PKNIC,Credit Card,Standard Chartered Bank - 5200,,Expense,Add Funds,Pknic,PKR, 2000   ,For Domain Renewal  ,Feb 19 2016 09:08
2777,Hostings House,Onlinenic-1,Debit Card,Bank Of America-5280,,Expense,Add Funds,Onlinenic 1,USD, 25   ,For Domains Renewal  ,Feb 13 2016 12:15
2789,Hostings House,Onlinenic-1,Debit Card,Bank Of America-5280,,Expense,Add Funds,Onlinenic 1,USD, 25   ,Add Funds in Onlinic-1  ,Feb 09 2016 15:43
2843,Hostings House,Onlinenic-1,Debit Card,Bank Of America-5280,,Expense,Add Funds,Onlinenic 1,USD, 25   ,Add for Domains  ,Jan 29 2016 10:59
2871,Hostings House,Onlinenic-1,Debit Card,Bank Of America-5280,,Expense,Add Funds,Onlinenic 1,USD, 25   ,for domains  ,Jan 11 2016 09:30
2913,Hostings House,Onlinenic-1,Debit Card,Bank Of America-5280,,Expense,Add Funds,Onlinenic 1,USD, 25   ,For Domains  ,Dec 30 2015 10:07
2924,Hostings House,Onlinenic-1,Debit Card,Bank Of America-5280,,Expense,Add Funds,Onlinenic 1,USD, 25   ,For Domains  ,Dec 29 2015 10:32
2957,Hostings House,PKNIC,Credit Card,Standard Chartered Bank - 5200,,Expense,Add Funds,Pknic,PKR, 2000   ,For Domain Renewal  ,Dec 14 2015 14:48
2959,Hostings House,Onlinenic-2,Debit Card,Bank Of America-5280,,Expense,Add Funds,Onlinenic 2,USD, 25   ,For Domains Renewal  ,Dec 14 2015 13:32
2960,Hostings House,Onlinenic-1,Debit Card,Bank Of America-5280,,Expense,Add Funds,Onlinenic 1,USD, 25   ,For Domains  ,Dec 14 2015 12:49
3036,Hostings House,Onlinenic-1,Debit Card,Bank Of America-5280,,Expense,Add Funds,Onlinenic 1,USD, 25   ,For Domains  ,Nov 30 2015 19:45
3037,Hostings House,Onlinenic-2,Debit Card,Bank Of America-5280,,Expense,Add Funds,Onlinenic 2,USD, 100   ,For Domains Registration  ,Nov 30 2015 19:22
3046,Hostings House,Onlinenic-2,Debit Card,Bank Of America-5280,,Expense,Add Funds,Onlinenic 2,USD, 25   ,For Domains Register  ,Nov 30 2015 11:38
3074,Hostings House,Onlinenic-1,Debit Card,Bank Of America-5280,,Expense,Add Funds,Onlinenic 1,USD, 25   ,For Domains Renewal  ,Nov 24 2015 16:54
3099,Hostings House,Onlinenic-2,Debit Card,Bank Of America-5280,,Expense,Add Funds,Onlinenic 2,USD, 25   ,For Domains  ,Nov 21 2015 09:32
3101,Hostings House,Onlinenic-2,Debit Card,Bank Of America-5280,,Expense,Add Funds,Onlinenic 2,USD, 400   ,For Domain Registration  ,Nov 20 2015 16:30
3112,Hostings House,Onlinenic-1,PayPal,billing@hostingshouse.com,,Expense,Add Funds,Onlinenic 1,USD, 25   ,For Domains  ,Nov 19 2015 15:15
3115,Hostings House,Onlinenic-2,Debit Card,Bank Of America-5280,,Expense,Add Funds,Onlinenic 2,USD, 25   ,For Domains Registration  ,Nov 19 2015 14:35
3215,Hostings House,Onlinenic-2,PayPal,billing@hostingshouse.com,,Expense,Add Funds,Onlinenic 2,USD, 40   ,Add funds for Domains  ,Oct 30 2015 15:54
3219,Hostings House,Onlinenic-1,PayPal,billing@hostingshouse.com,,Expense,Add Funds,Onlinenic 1,USD, 15   ,Add Funds for domains  ,Oct 30 2015 12:14
3279,Hostings House,Onlinenic-1,PayPal,billing@hostingshouse.com,,Expense,Add Funds,Onlinenic 1,USD, 20   ,For Domain Renewal  ,Oct 20 2015 13:02
3323,Hostings House,Onlinenic-2,Debit Card,Bank Of America-5280,,Expense,Add Funds,Onlinenic 2,USD, 25   ,For Domains  ,Oct 10 2015 15:43
3324,Hostings House,Onlinenic-2,Debit Card,Bank Of America-5280,,Expense,Add Funds,Onlinenic 2,USD, 25   ,For Domains  ,Oct 10 2015 15:38
3340,Hostings House,Onlinenic-2,PayPal,billing@hostingshouse.com,,Expense,Add Funds,Onlinenic 2,USD, 20   ,For Domains  ,Oct 09 2015 15:35
3355,Hostings House,Onlinenic-1,PayPal,billing@hostingshouse.com,,Expense,Add Funds,Onlinenic 1,USD, 10   ,For Domains  ,Oct 07 2015 15:34
3366,Hostings House,Onlinenic-2,PayPal,billing@hostingshouse.com,,Expense,Add Funds,Onlinenic 2,USD, 10   ,For Domains  ,Oct 05 2015 15:33
3396,Hostings House,Onlinenic-2,PayPal,billing@hostingshouse.com,,Expense,Add Funds,Onlinenic 2,USD, 30   ,For Domains  ,Oct 03 2015 15:32
3404,Hostings House,Onlinenic-2,PayPal,billing@hostingshouse.com,,Expense,Add Funds,Onlinenic 2,USD, 50   ,For Domains  ,Oct 02 2015 15:32
3408,Hostings House,Onlinenic-2,PayPal,billing@hostingshouse.com,,Expense,Add Funds,Onlinenic 2,USD, 330   ,For Domains  ,Oct 01 2015 15:29
5766,Hostings House,Onlinenic,PayPal,billing@hostingshouse.com,0AA11958PF5162940,Purchase,Add Funds,Onlinenic 1,USD, 47   ,,Oct 02 2014 21:53
5824,Hostings House,Onlinenic,PayPal,billing@hostingshouse.com,8P470716WB503942P,Purchase,Add Funds,Onlinenic 1,USD, 10   ,,Sep 27 2014 21:29
5828,Hostings House,Onlinenic,PayPal,billing@hostingshouse.com,6YD98089KR8596057,Purchase,Add Funds,Onlinenic 1,USD, 36   ,,Sep 26 2014 21:28
5864,Hostings House,Onlinenic,PayPal,billing@hostingshouse.com,3D6321799S530161C,Purchase,Add Funds,Onlinenic 1,USD, 50   ,,Sep 20 2014 21:27
5886,Hostings House,Onlinenic,PayPal,billing@hostingshouse.com,9DH6533007986184U,Purchase,Add Funds,Onlinenic 1,USD, 10   ,,Sep 15 2014 21:26
5912,Hostings House,Onlinenic,PayPal,billing@hostingshouse.com,0A533383HE840873T,Purchase,Add Funds,Onlinenic 2,USD, 29   ,,Sep 10 2014 21:24
5935,Hostings House,Onlinenic,PayPal,billing@hostingshouse.com,7TB3016682071832A,Purchase,Add Funds,Onlinenic 1,USD, 51   ,,Sep 08 2014 21:23
5936,Hostings House,Onlinenic,PayPal,billing@hostingshouse.com,3377426313024583S,Purchase,Add Funds,Onlinenic 2,USD, 10   ,,Sep 08 2014 21:21
5944,Hostings House,Onlinenic,PayPal,billing@hostingshouse.com,6WX2326666887890V,Purchase,Add Funds,Onlinenic 2,USD, 10   ,,Sep 06 2014 21:16
5958,Hostings House,Onlinenic,PayPal,billing@hostingshouse.com,3X965421JA382735R,Purchase,Add Funds,Onlinenic 1,USD, 130   ,,Sep 02 2014 20:07
